name,age,country,B,height,weight,birthdate,Yrs,G,GS,Batting,Defense,P,C,1B,2B,3B,SS,LF,CF,RF,OF,DH,PH,PR,WAR
"Miguel Andujar",23,do,R,"6'0",215,"Mar 2 1995",2,79,78,79,74,0,0,0,0,74,0,0,0,0,0,6,1,0,0.9
"Tyler Austin",26,us,R,"6'2",220,"Sep 6 1991",3,34,33,34,27,0,0,27,0,0,0,0,0,0,0,7,0,0,0.2
"Dellin Betances",30,us,R,"6'8",265,"Mar 23 1988",7,38,0,4,38,38,0,0,0,0,0,0,0,0,0,0,0,0,0.8
"Greg Bird",25,us,L,"6'4",220,"Nov 9 1992",3,37,33,37,34,0,0,34,0,0,0,0,0,0,0,1,3,0,0.2
"Luis Cessa",26,mx,R,"6'0",210,"Apr 25 1992",3,6,2,1,6,6,0,0,0,0,0,0,0,0,0,0,0,0,0.3
"Aroldis Chapman",30,cu,L,"6'4",212,"Feb 28 1988",9,39,0,6,39,39,0,0,0,0,0,0,0,0,0,0,0,0,1.9
"A.J. Cole",26,us,R,"6'5",238,"Jan 5 1992",4,9,0,0,9,9,0,0,0,0,0,0,0,0,0,0,0,0,0.8
"Brandon Drury",25,us,R,"6'2",210,"Aug 21 1992",4,15,12,15,13,0,0,2,2,9,0,0,0,0,0,1,2,0,-0.4
"Clint Frazier",23,us,R,"6'1",190,"Sep 6 1994",2,12,9,12,9,0,0,0,0,0,0,8,1,0,9,1,2,0,0.0
"Giovanny Gallegos",26,mx,R,"6'2",210,"Aug 14 1991",2,4,0,1,4,4,0,0,0,0,0,0,0,0,0,0,0,0,0.0
"Brett Gardner",34,us,L,5' 11",195,Aug 24 1983",11,76,71,76,72,0,0,0,0,0,0,52,21,0,72,0,4,0,2.8
"Domingo German",25,do,R,"6'2",175,"Aug 4 1992",2,17,11,2,17,17,0,0,0,0,0,0,0,0,0,0,0,0,0.0
"Sonny Gray",28,us,R,5' 10",190,Nov 7 1989",6,17,17,1,17,17,0,0,0,0,0,0,0,0,0,0,0,0,-0.6
"Chad Green",27,us,L,"6'3",210,"May 24 1991",3,35,0,2,35,35,0,0,0,0,0,0,0,0,0,0,0,0,1.3
"Didi Gregorius",28,nl,L,"6'3",205,"Feb 18 1990",7,85,84,85,85,0,0,0,0,0,85,0,0,0,0,0,1,0,2.4
"David Hale",30,us,R,"6'2",210,"Sep 27 1987",5,3,0,0,3,3,0,0,0,0,0,0,0,0,0,0,0,0,0.2
"Aaron Hicks",28,us,B,"6'1",202,"Oct 2 1989",6,71,68,71,67,0,0,0,0,0,0,0,67,0,67,1,3,0,2.8
"Kyle Higashioka",28,us,R,"6'1",205,"Apr 20 1990",2,8,7,8,8,0,8,0,0,0,0,0,0,0,0,0,0,0,0.2
"Jonathan Holder",25,us,R,"6'2",235,"Jun 9 1993",3,32,0,5,32,32,0,0,0,0,0,0,0,0,0,0,0,0,0.8
"Aaron Judge",26,us,R,"6'7",282,"Apr 26 1992",3,88,86,88,74,0,0,0,0,0,0,0,1,73,74,12,2,0,5.1
"Tommy Kahnle",28,us,R,"6'1",235,"Aug 7 1989",5,8,0,0,8,8,0,0,0,0,0,0,0,0,0,0,0,0,-0.6
"Jonathan Loaisiga",23,ni,R,5' 11",165,Nov 2 1994",1st,4,4,1,4,4,0,0,0,0,0,0,0,0,0,0,0,0,0.5
"Billy McKinney",23,us,L,"6'1",205,"Aug 23 1994",1st,2,2,2,2,0,0,0,0,0,0,2,0,0,2,0,0,0,-0.1
"Jordan Montgomery",25,us,L,"6'6",225,"Dec 27 1992",2,6,6,0,6,6,0,0,0,0,0,0,0,0,0,0,0,0,0.5
"Jace Peterson",28,us,L,"6'0",215,"May 9 1990",5,3,2,3,3,0,0,0,0,0,0,2,0,1,3,0,0,0,-0.1
"David Robertson",33,us,R,5' 11",195,Apr 9 1985",11,41,0,4,41,41,0,0,0,0,0,0,0,0,0,0,0,0,0.7
"Shane Robinson",33,us,R,5' 9",170,Oct 30 1984",9,2,1,2,1,0,0,0,0,0,0,1,1,0,1,1,0,1,0.1
"Austin Romine",29,us,R,"6'1",220,"Nov 22 1988",7,37,32,37,37,0,37,0,0,0,0,0,0,0,0,0,0,0,1.2
"CC Sabathia",37,us,L,"6'6",300,"Jul 21 1980",18,17,17,0,17,17,0,0,0,0,0,0,0,0,0,0,0,0,1.1
"Gary Sanchez",25,do,R,"6'2",230,"Dec 2 1992",4,63,60,63,53,0,53,0,0,0,0,0,0,0,0,9,3,0,0.9
"Luis Severino",24,do,R,"6'2",215,"Feb 20 1994",4,19,19,2,19,19,0,0,0,0,0,0,0,0,0,0,0,0,5.0
"Chasen Shreve",27,us,L,"6'4",195,"Jul 12 1990",5,34,0,3,34,34,0,0,0,0,0,0,0,0,0,0,0,0,-0.5
"Giancarlo Stanton",28,us,R,"6'6",245,"Nov 8 1989",9,89,88,89,45,0,0,0,0,0,0,28,0,17,45,44,1,0,2.6
"Masahiro Tanaka",29,jp,R,"6'3",215,"Nov 1 1988",5,14,14,2,14,14,0,0,0,0,0,0,0,0,0,0,0,0,0.4
"Gleyber Torres",21,ve,R,"6'1",200,"Dec 13 1996",1st,63,61,63,63,0,0,0,62,0,2,0,0,0,0,0,0,0,2.2r
"Ronald Torreyes",25,ve,R,5' 8",151,Sep 2 1992",4,24,17,24,23,0,0,0,8,9,8,0,0,0,0,0,2,0,0.4
"Tyler Wade",23,us,L,"6'1",185,"Nov 23 1994",2,18,10,18,18,0,0,0,17,0,1,0,1,0,1,0,1,3,-0.4
"Neil Walker",32,us,B,"6'3",210,"Sep 10 1985",10,58,48,58,53,0,0,37,14,6,0,0,0,0,0,2,7,0,-1.1
"Adam Warren",30,us,R,"6'1",224,"Aug 25 1987",7,19,0,3,19,19,0,0,0,0,0,0,0,0,0,0,0,0,0.6
